{
  "best_metric": 0.2829029858112335,
  "best_model_checkpoint": "./lora_model_output/checkpoint-2105",
  "epoch": 1.0,
  "eval_steps": 500,
  "global_step": 2105,
  "is_hyper_param_search": false,
  "is_local_process_zero": true,
  "is_world_process_zero": true,
  "log_history": [
    {
      "epoch": 0.24,
      "learning_rate": 1.762470308788599e-05,
      "loss": 0.6051,
      "step": 500
    },
    {
      "epoch": 0.48,
      "learning_rate": 1.5249406175771972e-05,
      "loss": 0.3937,
      "step": 1000
    },
    {
      "epoch": 0.71,
      "learning_rate": 1.2874109263657959e-05,
      "loss": 0.3647,
      "step": 1500
    },
    {
      "epoch": 0.95,
      "learning_rate": 1.0498812351543943e-05,
      "loss": 0.3505,
      "step": 2000
    },
    {
      "epoch": 1.0,
      "eval_accuracy": 0.8887614678899083,
      "eval_loss": 0.2829029858112335,
      "eval_runtime": 3.5958,
      "eval_samples_per_second": 242.502,
      "eval_steps_per_second": 7.787,
      "step": 2105
    }
  ],
  "logging_steps": 500,
  "max_steps": 4210,
  "num_input_tokens_seen": 0,
  "num_train_epochs": 2,
  "save_steps": 500,
  "total_flos": 2218574937093120.0,
  "train_batch_size": 32,
  "trial_name": null,
  "trial_params": null
}
